Resource ID,Resource Name,Language Programs,Tiers,Literacy Pillars,Resource Types,Related Screeners,Related Subtests,Grade Ranges,Grade Filters,Notes,Evidence Classification,Hyperlink URLs
RES-0001,Abracadabra,English; French Immersion,1; 2,Alphabetic Principle; Phonemic Awareness; Phonics; Reading Comprehension; Reading Fluency,Instructional Resource; Intervention,CTOPP-2; DIBELS; IDAPEL; THaFoL,Blending; Elision; Facilité en lecture orale; Facilité à lire des mots; Facilité à lire des non-mots; Facilité à nommer des lettres; Letter Naming Fluency; Maze; Nonsense Word Fluency: Correct Letter Sounds; Nonsense Word Fluency: Words Read Correctly; Oral Reading Fluency: Accuracy; Oral Reading Fluency: Words Correct; Phonemic Segmentation Fluency; Word Reading Fluency,(1-2),1; 2,MLL,*,https://literacy.concordia.ca/resources/abra/teacher/en/; https://literacy.concordia.ca/resources/abra/teacher/fr/index.php
RES-0002,Alec,French Immersion,1,Alphabetic Principle; Phonics,Instructional Resource,THaFoL,Facilité à lire des mots; Facilité à lire des non-mots; Facilité à nommer des lettres,(M-5),1; 2; 3; 4; 5; M,,,https://fr.alec-edu.com/
RES-0003,Core Phonics Assessment - version française,French Immersion,2,Alphabetic Principle; Phonics,Drill Down Assessment,IDAPEL; THaFoL,Facilité en lecture orale; Facilité à lire des mots; Facilité à lire des non-mots; Facilité à nommer des lettres,,,,,https://lrsdcdn.sharepoint.com/sites/TeachingLearning/curriculum/Literacy/Early%20Literacy/Forms/AllItems.aspx?id=%2Fsites%2FTeachingLearning%2Fcurriculum%2FLiteracy%2FEarly%20Literacy%2FLitt%C3%A9ratie%20structur%C3%A9e%2FLes%20%C3%A9valuations%20et%20les%20interventions%2FPhon%C3%A9tique%2FFrench%20CORE%20phonics%20Assessment%2Epdf&parent=%2Fsites%2FTeachingLearning%2Fcurriculum%2FLiteracy%2FEarly%20Literacy%2FLitt%C3%A9ratie%20structur%C3%A9e%2FLes%20%C3%A9valuations%20et%20les%20interventions%2FPhon%C3%A9tique
RES-0004,CORE Phonics Survey,English,2; 3,Alphabetic Principle; Phonics,Drill Down Assessment,CTOPP-2; DIBELS,Blending; Elision; Letter Naming Fluency; Maze; Nonsense Word Fluency: Correct Letter Sounds; Nonsense Word Fluency: Words Read Correctly; Oral Reading Fluency: Accuracy; Oral Reading Fluency: Words Correct; Phonemic Segmentation Fluency; Word Reading Fluency,(K-12),1; 10; 11; 12; 2; 3; 4; 5; 6; 7; 8; 9; K,,,https://lrsdcdn.sharepoint.com/sites/TeachingLearning/curriculum/Literacy/Early%20Literacy/Forms/AllItems.aspx?id=%2Fsites%2FTeachingLearning%2Fcurriculum%2FLiteracy%2FEarly%20Literacy%2FStructured%20Literacy%2FAssessments%20%26%20Interventions%2FPhonics%2FOther%20Phonics%20Assessments%2FCORE%20Phonics%20Survey%2Epdf&parent=%2Fsites%2FTeachingLearning%2Fcurriculum%2FLiteracy%2FEarly%20Literacy%2FStructured%20Literacy%2FAssessments%20%26%20Interventions%2FPhonics%2FOther%20Phonics%20Assessments
RES-0005,DIBELS Maze Progress Monitoring,English,2; 3,Reading Comprehension,Drill Down Assessment,CTOPP-2; DIBELS,Blending; Elision; Letter Naming Fluency; Maze; Nonsense Word Fluency: Correct Letter Sounds; Nonsense Word Fluency: Words Read Correctly; Oral Reading Fluency: Accuracy; Oral Reading Fluency: Words Correct; Phonemic Segmentation Fluency; Word Reading Fluency,(2-8),2; 3; 4; 5; 6; 7; 8,,,https://lrsdcdn.sharepoint.com/sites/TeachingLearning/curriculum/Literacy/Early%20Literacy/Forms/AllItems.aspx?csf=1&web=1&e=RMQG7y&CID=2b4cc833%2D6eee%2D4304%2D8025%2D610cfaf221e3&FolderCTID=0x012000F20499129962D74E9046ECDF35332B03&id=%2Fsites%2FTeachingLearning%2Fcurriculum%2FLiteracy%2FEarly%20Literacy%2FLRSD%20Literacy%20Assessments%2FDIBELS%20%2D%20English%2FProgress%20Monitoring
RES-0006,DIBELS Oral Reading Fluency Progress Monitoring,English,2; 3,Reading Fluency,Drill Down Assessment,CTOPP-2; DIBELS,Blending; Elision; Letter Naming Fluency; Maze; Nonsense Word Fluency: Correct Letter Sounds; Nonsense Word Fluency: Words Read Correctly; Oral Reading Fluency: Accuracy; Oral Reading Fluency: Words Correct; Phonemic Segmentation Fluency; Word Reading Fluency,(2-8),2; 3; 4; 5; 6; 7; 8,,,https://lrsdcdn.sharepoint.com/:f:/r/sites/TeachingLearning/curriculum/Literacy/Early%20Literacy/LRSD%20Literacy%20Assessments/DIBELS%20-%20English/Progress%20Monitoring?csf=1&web=1&e=RMQG7y
RES-0007,Diffit – Produire ses propres textes et questions de compréhension,French Immersion,2,Reading Comprehension,Drill Down Assessment,IDAPEL; THaFoL,Facilité en lecture orale; Facilité à lire des mots; Facilité à lire des non-mots; Facilité à nommer des lettres,,,Outil IA,,https://web.diffit.me/
RES-0008,Handwriting without Tears,English,1; 2; 3,Orthography,Instructional Resource; Intervention,CTOPP-2; DIBELS,Blending; Elision; Letter Naming Fluency; Maze; Nonsense Word Fluency: Correct Letter Sounds; Nonsense Word Fluency: Words Read Correctly; Oral Reading Fluency: Accuracy; Oral Reading Fluency: Words Correct; Phonemic Segmentation Fluency; Word Reading Fluency,(2-12); (K-1),1; 10; 11; 12; 2; 3; 4; 5; 6; 7; 8; 9; K,,,
RES-0009,Handwriting Without Tears - français,French Immersion,1,Orthography,Instructional Resource,,,(M-1),1; M,,,
RES-0010,Heggerty,English,1,Phonemic Awareness,Instructional Resource,CTOPP-2; DIBELS,Blending; Elision; Phonemic Segmentation Fluency,(K-2),1; 2; K,,**,https://heggerty.org/
RES-0011,Heggerty – Bridge The Gap,English,2; 3,Phonemic Awareness,Intervention,CTOPP-2; DIBELS,Blending; Elision; Letter Naming Fluency; Maze; Nonsense Word Fluency: Correct Letter Sounds; Nonsense Word Fluency: Words Read Correctly; Oral Reading Fluency: Accuracy; Oral Reading Fluency: Words Correct; Phonemic Segmentation Fluency; Word Reading Fluency,(2-12),10; 11; 12; 2; 3; 4; 5; 6; 7; 8; 9,,**,https://shop.heggerty.org/shop-products/?_topic_category_facet=phonemic-awareness-intervention
RES-0012,Heggerty – Letter Name Sounds,English,2; 3,Alphabetic Principle,Drill Down Assessment,CTOPP-2; DIBELS,Blending; Elision; Letter Naming Fluency; Maze; Nonsense Word Fluency: Correct Letter Sounds; Nonsense Word Fluency: Words Read Correctly; Oral Reading Fluency: Accuracy; Oral Reading Fluency: Words Correct; Phonemic Segmentation Fluency; Word Reading Fluency,(3-8),3; 4; 5; 6; 7; 8,,,https://lrsdcdn.sharepoint.com/sites/TeachingLearning/curriculum/Literacy/Early%20Literacy/Forms/AllItems.aspx?id=%2Fsites%2FTeachingLearning%2Fcurriculum%2FLiteracy%2FEarly%20Literacy%2FStructured%20Literacy%2FAssessments%20%26%20Interventions%2FPhonological%20Awareness%2FHeggerty%20Assessments%2FLetter%2DNames%2DSounds%2DAssessment%2E2020%2D1%2Epdf&parent=%2Fsites%2FTeachingLearning%2Fcurriculum%2FLiteracy%2FEarly%20Literacy%2FStructured%20Literacy%2FAssessments%20%26%20Interventions%2FPhonological%20Awareness%2FHeggerty%20Assessments
RES-0013,Heggerty – Phonemic Awareness Screener,English,2; 3,Phonemic Awareness,Drill Down Assessment,CTOPP-2; DIBELS,Blending; Elision; Letter Naming Fluency; Maze; Nonsense Word Fluency: Correct Letter Sounds; Nonsense Word Fluency: Words Read Correctly; Oral Reading Fluency: Accuracy; Oral Reading Fluency: Words Correct; Phonemic Segmentation Fluency; Word Reading Fluency,(3-12),10; 11; 12; 3; 4; 5; 6; 7; 8; 9,,,https://lrsdcdn.sharepoint.com/sites/TeachingLearning/curriculum/Literacy/Early%20Literacy/Forms/AllItems.aspx?id=%2Fsites%2FTeachingLearning%2Fcurriculum%2FLiteracy%2FEarly%20Literacy%2FStructured%20Literacy%2FAssessments%20%26%20Interventions%2FPhonological%20Awareness%2FHeggerty%20Assessments%2FPA%2DScreener%2E2020%2Epdf&parent=%2Fsites%2FTeachingLearning%2Fcurriculum%2FLiteracy%2FEarly%20Literacy%2FStructured%20Literacy%2FAssessments%20%26%20Interventions%2FPhonological%20Awareness%2FHeggerty%20Assessments
RES-0014,Inventaires d’orthographe,French Immersion,2,Phonics,Drill Down Assessment,IDAPEL; THaFoL,Facilité en lecture orale; Facilité à lire des mots; Facilité à lire des non-mots; Facilité à nommer des lettres,,,,,https://lrsdcdn.sharepoint.com/sites/TeachingLearning/curriculum/Literacy/Early%20Literacy/Forms/AllItems.aspx?csf=1&web=1&e=kLXR42&CID=c3191924%2D1b8e%2D4da4%2D8ad5%2De76af0854b8b&FolderCTID=0x012000F20499129962D74E9046ECDF35332B03&id=%2Fsites%2FTeachingLearning%2Fcurriculum%2FLiteracy%2FEarly%20Literacy%2FLitt%C3%A9ratie%20structur%C3%A9e%2FLes%20%C3%A9valuations%20et%20les%20interventions%2FPhon%C3%A9tique%2FInventaire%20d%27orthographe%20M%2D12
RES-0015,Kilpatrick PAST Assessment,English,2; 3,Phonemic Awareness,Drill Down Assessment,CTOPP-2; DIBELS,Blending; Elision; Letter Naming Fluency; Maze; Nonsense Word Fluency: Correct Letter Sounds; Nonsense Word Fluency: Words Read Correctly; Oral Reading Fluency: Accuracy; Oral Reading Fluency: Words Correct; Phonemic Segmentation Fluency; Word Reading Fluency,(3-12),10; 11; 12; 3; 4; 5; 6; 7; 8; 9,,,https://lrsdcdn.sharepoint.com/sites/TeachingLearning/curriculum/Literacy/Early%20Literacy/Forms/AllItems.aspx?newTargetListUrl=%2Fsites%2FTeachingLearning%2Fcurriculum%2FLiteracy%2FEarly%20Literacy&viewpath=%2Fsites%2FTeachingLearning%2Fcurriculum%2FLiteracy%2FEarly%20Literacy%2FForms%2FAllItems%2Easpx&id=%2Fsites%2FTeachingLearning%2Fcurriculum%2FLiteracy%2FEarly%20Literacy%2FStructured%20Literacy%2FAssessments%20%26%20Interventions%2FPhonological%20Awareness%2FKilpatrick%20Assessment&viewid=46f2e15a%2D621a%2D4c2d%2Da473%2D2d8c27980932
RES-0016,Kilpatrick – activités 1 minute,French Immersion,1; 2,Phonemic Awareness,Instructional Resource; Intervention,IDAPEL; THaFoL,Facilité en lecture orale; Facilité à lire des mots; Facilité à lire des non-mots; Facilité à nommer des lettres,,,,,https://lrsdcdn.sharepoint.com/:b:/r/sites/TeachingLearning/curriculum/Literacy/Early%20Literacy/Litt%C3%A9ratie%20structur%C3%A9e/La%20conscience%20phonologique/Kilpatrick%20-%20Activit%C3%A9s%20d%27une%20minute%20en%20fran%C3%A7ais.pdf?csf=1&web=1&e=qEKdG8
RES-0017,Kilpatrick – Equipped for Reading Success,English,1; 2; 3,Phonemic Awareness,Instructional Resource; Intervention,CTOPP-2; DIBELS,Blending; Elision; Letter Naming Fluency; Maze; Nonsense Word Fluency: Correct Letter Sounds; Nonsense Word Fluency: Words Read Correctly; Oral Reading Fluency: Accuracy; Oral Reading Fluency: Words Correct; Phonemic Segmentation Fluency; Word Reading Fluency,(3-12); (K-2),1; 10; 11; 12; 2; 3; 4; 5; 6; 7; 8; 9; K,,**,https://equippedforreadingsuccess.com/
RES-0018,Les leçons du CBE,French Immersion,1; 2,Alphabetic Principle; Orthography; Phonics; Reading Comprehension; Reading Fluency; Vocabulary,Instructional Resource; Intervention,IDAPEL; THaFoL,Facilité en lecture orale; Facilité à lire des mots; Facilité à lire des non-mots; Facilité à nommer des lettres,(3-12); (M-6),1; 10; 11; 12; 2; 3; 4; 5; 6; 7; 8; 9; M,,,https://lrsdcdn.sharepoint.com/:f:/r/sites/TeachingLearning/curriculum/Literacy/Early%20Literacy/Litt%C3%A9ratie%20structur%C3%A9e/La%20phon%C3%A9tique/Le%C3%A7ons%20du%20CBE%20M-7e%20ann%C3%A9e?csf=1&web=1&e=jb0IaL
RES-0019,Lexia Core 5,English,2,Phonemic Awareness; Phonics; Reading Comprehension; Reading Fluency; Vocabulary,Intervention,CTOPP-2; DIBELS,Blending; Elision; Letter Naming Fluency; Maze; Nonsense Word Fluency: Correct Letter Sounds; Nonsense Word Fluency: Words Read Correctly; Oral Reading Fluency: Accuracy; Oral Reading Fluency: Words Correct; Phonemic Segmentation Fluency; Word Reading Fluency,(2-5),2; 3; 4; 5,,*,
RES-0020,Lexia PowerUp,English,2,Phonics; Reading Comprehension; Reading Fluency; Vocabulary,Intervention,CTOPP-2; DIBELS,Blending; Elision; Letter Naming Fluency; Maze; Nonsense Word Fluency: Correct Letter Sounds; Nonsense Word Fluency: Words Read Correctly; Oral Reading Fluency: Accuracy; Oral Reading Fluency: Words Correct; Phonemic Segmentation Fluency; Word Reading Fluency,(6-12),10; 11; 12; 6; 7; 8; 9,,*,
RES-0021,Orton-Gilingham,English,1; 2; 3,Alphabetic Principle; Orthography; Phonics; Reading Comprehension; Reading Fluency,Instructional Resource; Intervention,CTOPP-2; DIBELS,Blending; Elision; Letter Naming Fluency; Maze; Nonsense Word Fluency: Correct Letter Sounds; Nonsense Word Fluency: Words Read Correctly; Oral Reading Fluency: Accuracy; Oral Reading Fluency: Words Correct; Phonemic Segmentation Fluency; Word Reading Fluency,(K-2),1; 2; K,,**,https://www.ortonacademy.org/
RES-0022,Page par page,French Immersion,1,Alphabetic Principle; Orthography; Phonics; Reading Comprehension; Reading Fluency; Vocabulary,Instructional Resource,IDAPEL; THaFoL,Facilité en lecture orale; Facilité à lire des mots; Facilité à lire des non-mots; Facilité à nommer des lettres,(M-1),1; M,,,https://lrsdcdn.sharepoint.com/:f:/r/sites/TeachingLearning/curriculum/Literacy/Early%20Literacy/Litt%C3%A9ratie%20structur%C3%A9e/La%20phon%C3%A9tique/Page%20par%20page?csf=1&web=1&e=6IK20Z
RES-0023,Phonémique version 1,French Immersion,1; 2,Phonemic Awareness,Instructional Resource; Intervention,IDAPEL; THaFoL,Facilité en lecture orale; Facilité à lire des mots; Facilité à lire des non-mots; Facilité à nommer des lettres,,,,,https://lrsdcdn.sharepoint.com/:b:/r/sites/TeachingLearning/curriculum/Literacy/Early%20Literacy/Litt%C3%A9ratie%20structur%C3%A9e/La%20conscience%20phonologique/Pratique%20Phon%C3%A9mique%20-%20version%201.pdf?csf=1&web=1&e=GVZhpR
RES-0024,Phonémique version 2,French Immersion,1; 2,Phonemic Awareness,Instructional Resource; Intervention,IDAPEL; THaFoL,Facilité en lecture orale; Facilité à lire des mots; Facilité à lire des non-mots; Facilité à nommer des lettres,,,,,https://lrsdcdn.sharepoint.com/:b:/r/sites/TeachingLearning/curriculum/Literacy/Early%20Literacy/Litt%C3%A9ratie%20structur%C3%A9e/La%20conscience%20phonologique/Pratique%20Phon%C3%A9mique%20-%20r%C3%A9vis%C3%A9.pdf?csf=1&web=1&e=uYTyKd
RES-0025,Programme d’intervention en lecture et en orthographe,French Immersion,2,Alphabetic Principle; Orthography; Phonics; Reading Comprehension; Reading Fluency; Vocabulary,Intervention,IDAPEL; THaFoL,Facilité en lecture orale; Facilité à lire des mots; Facilité à lire des non-mots; Facilité à nommer des lettres,(M-3),1; 2; 3; M,,,https://lrsdcdn.sharepoint.com/sites/TeachingLearning/curriculum/Literacy/Early%20Literacy/Forms/AllItems.aspx?id=%2Fsites%2FTeachingLearning%2Fcurriculum%2FLiteracy%2FEarly%20Literacy%2FLitt%C3%A9ratie%20structur%C3%A9e%2FLes%20%C3%A9valuations%20et%20les%20interventions%2FLes%20interventions&viewid=46f2e15a%2D621a%2D4c2d%2Da473%2D2d8c27980932
RES-0026,Quick Phonics Screener,English,2; 3,Alphabetic Principle; Phonics,Drill Down Assessment,CTOPP-2; DIBELS,Blending; Elision; Letter Naming Fluency; Maze; Nonsense Word Fluency: Correct Letter Sounds; Nonsense Word Fluency: Words Read Correctly; Oral Reading Fluency: Accuracy; Oral Reading Fluency: Words Correct; Phonemic Segmentation Fluency; Word Reading Fluency,(K-12),1; 10; 11; 12; 2; 3; 4; 5; 6; 7; 8; 9; K,,,https://lrsdcdn.sharepoint.com/sites/TeachingLearning/curriculum/Literacy/Early%20Literacy/Forms/AllItems.aspx?csf=1&web=1&e=zM0Vr5&CID=09cccb99%2D754e%2D4539%2Dbacd%2D63499595c8ed&FolderCTID=0x012000F20499129962D74E9046ECDF35332B03&id=%2Fsites%2FTeachingLearning%2Fcurriculum%2FLiteracy%2FEarly%20Literacy%2FStructured%20Literacy%2FAssessments%20%26%20Interventions%2FPhonics%2FOther%20Phonics%20Assessments%2FQuick%20Phonics%20Screener%2Epdf&viewid=46f2e15a%2D621a%2D4c2d%2Da473%2D2d8c27980932&parent=%2Fsites%2FTeachingLearning%2Fcurriculum%2FLiteracy%2FEarly%20Literacy%2FStructured%20Literacy%2FAssessments%20%26%20Interventions%2FPhonics%2FOther%20Phonics%20Assessments
RES-0027,Rewards,English,2,Phonics; Reading Comprehension; Reading Fluency; Vocabulary,Intervention,CTOPP-2; DIBELS,Blending; Elision; Letter Naming Fluency; Maze; Nonsense Word Fluency: Correct Letter Sounds; Nonsense Word Fluency: Words Read Correctly; Oral Reading Fluency: Accuracy; Oral Reading Fluency: Words Correct; Phonemic Segmentation Fluency; Word Reading Fluency,(4-12),10; 11; 12; 4; 5; 6; 7; 8; 9,,**,
RES-0028,Son au graphe,French Immersion,1; 2,Alphabetic Principle; Orthography; Phonics; Reading Comprehension; Reading Fluency; Vocabulary,Instructional Resource; Intervention,IDAPEL; THaFoL,Facilité en lecture orale; Facilité à lire des mots; Facilité à lire des non-mots; Facilité à nommer des lettres,(3-12); (M-2),1; 10; 11; 12; 2; 3; 4; 5; 6; 7; 8; 9; M,,,https://lrsdcdn.sharepoint.com/:f:/r/sites/TeachingLearning/curriculum/Literacy/Early%20Literacy/Litt%C3%A9ratie%20structur%C3%A9e/La%20phon%C3%A9tique/Son%20au%20Graphe%20(UFLI%20fran%C3%A7ais)?csf=1&web=1&e=xGgV6H
RES-0029,SRA Corrective Reading,English,2; 3,Alphabetic Principle; Phonics; Reading Comprehension; Reading Fluency; Vocabulary,Intervention,CTOPP-2; DIBELS,Blending; Elision; Letter Naming Fluency; Maze; Nonsense Word Fluency: Correct Letter Sounds; Nonsense Word Fluency: Words Read Correctly; Oral Reading Fluency: Accuracy; Oral Reading Fluency: Words Correct; Phonemic Segmentation Fluency; Word Reading Fluency,(3-12),10; 11; 12; 3; 4; 5; 6; 7; 8; 9,,**,
RES-0030,SRA Early Interventions in Reading,English,2,Alphabetic Principle; Phonemic Awareness; Phonics,Intervention,CTOPP-2; DIBELS,Blending; Elision; Letter Naming Fluency; Maze; Nonsense Word Fluency: Correct Letter Sounds; Nonsense Word Fluency: Words Read Correctly; Oral Reading Fluency: Accuracy; Oral Reading Fluency: Words Correct; Phonemic Segmentation Fluency; Word Reading Fluency,(K-3),1; 2; 3; K,,*,
RES-0031,UFLI Manual,English,1; 2,Alphabetic Principle; Orthography; Phonics; Reading Comprehension; Reading Fluency,Instructional Resource; Intervention,CTOPP-2; DIBELS,Blending; Elision; Letter Naming Fluency; Maze; Nonsense Word Fluency: Correct Letter Sounds; Nonsense Word Fluency: Words Read Correctly; Oral Reading Fluency: Accuracy; Oral Reading Fluency: Words Correct; Phonemic Segmentation Fluency; Word Reading Fluency,(K-2); (K-2); (FI 2-3),1; 2; FI 2; FI 3; K,,**,https://ufli.education.ufl.edu/foundations-materials/
RES-0032,UFLI Placement Assessment,English,2; 3,Phonics,Drill Down Assessment,CTOPP-2; DIBELS,Blending; Elision; Letter Naming Fluency; Maze; Nonsense Word Fluency: Correct Letter Sounds; Nonsense Word Fluency: Words Read Correctly; Oral Reading Fluency: Accuracy; Oral Reading Fluency: Words Correct; Phonemic Segmentation Fluency; Word Reading Fluency,,,,,https://lrsdcdn.sharepoint.com/:b:/r/sites/TeachingLearning/curriculum/Literacy/Early%20Literacy/Structured%20Literacy/Assessments%20%26%20Interventions/Phonics/UFLI%20Placement%20Assessment.pdf?csf=1&web=1&e=x8NIof
RES-0033,Word Connections,English,2,Phonics; Vocabulary,Intervention,CTOPP-2; DIBELS,Blending; Elision; Letter Naming Fluency; Maze; Nonsense Word Fluency: Correct Letter Sounds; Nonsense Word Fluency: Words Read Correctly; Oral Reading Fluency: Accuracy; Oral Reading Fluency: Words Correct; Phonemic Segmentation Fluency; Word Reading Fluency,(3-8),3; 4; 5; 6; 7; 8,,**,https://lrsdcdn.sharepoint.com/:f:/r/sites/TeachingLearning/curriculum/Literacy/Early%20Literacy/Structured%20Literacy/Phonics/Middle%20Years%20Phonics%20Resources/Word%20Connections?csf=1&web=1&e=qZBz6e
RES-0034,Word Origins,English,1; 2,Orthography; Reading Comprehension; Vocabulary,Instructional Resource; Intervention,CTOPP-2; DIBELS,Blending; Elision; Letter Naming Fluency; Maze; Nonsense Word Fluency: Correct Letter Sounds; Nonsense Word Fluency: Words Read Correctly; Oral Reading Fluency: Accuracy; Oral Reading Fluency: Words Correct; Phonemic Segmentation Fluency; Word Reading Fluency,(3-5); (3-8),3; 4; 5; 6; 7; 8,,**,
RES-0035,Words Their Way Inventory,English,2; 3,Phonics,Drill Down Assessment,CTOPP-2; DIBELS,Blending; Elision; Letter Naming Fluency; Maze; Nonsense Word Fluency: Correct Letter Sounds; Nonsense Word Fluency: Words Read Correctly; Oral Reading Fluency: Accuracy; Oral Reading Fluency: Words Correct; Phonemic Segmentation Fluency; Word Reading Fluency,,,,,https://lrsdcdn.sharepoint.com/:f:/r/sites/TeachingLearning/curriculum/Literacy/Early%20Literacy/Structured%20Literacy/Assessments%20%26%20Interventions/Phonics/Words%20Their%20Way%20Inventories?csf=1&web=1&e=bKahaI
RES-0036,Éclair,French Immersion,2,Alphabetic Principle; Phonemic Awareness; Phonics,Drill Down Assessment,IDAPEL; THaFoL,Facilité en lecture orale; Facilité à lire des mots; Facilité à lire des non-mots; Facilité à nommer des lettres,,,,,https://lrsdcdn.sharepoint.com/sites/TeachingLearning/curriculum/Literacy/Early%20Literacy/Forms/AllItems.aspx?csf=1&web=1&e=AKITHH&CID=a28657b0%2D63a1%2D482e%2Db4ba%2Dbbf7e907d7d7&FolderCTID=0x012000F20499129962D74E9046ECDF35332B03&id=%2Fsites%2FTeachingLearning%2Fcurriculum%2FLiteracy%2FEarly%20Literacy%2FLitt%C3%A9ratie%20structur%C3%A9e%2FLes%20%C3%A9valuations%20et%20les%20interventions%2F%C3%89clair
